rest_of_match_asian_handicap_(current_score_0:0)_away_+0.5,away_team_to_score_yes/no_yes,2nd_half_-_1x2_home,handicap_2:0_draw_(2:0),2nd_half_-_double_chance_home_or_away,home_corners_-_over/under_over_5.5,home_team_goals_0,Match ID,away_team_clean_sheet_yes,match_finished,Team A,corner_range_0-8,1st_half_-_corner_1x2_home,1st_half_-_gg/ng_yes,half-time_home_team_to_win_to_nil_yes/no_yes,1st_half_-_home_team_clean_sheet_yes,away_corner_range_7+,excluded_number_of_goals_-_first_half_3+,handicap_0:1_home_(0:1),away_corners_-_over/under_over_4.5,asian_handicap_-0.5_home_(-0.5),1st_half_-away_exact_corners_2,1st_half_-away_exact_corners_0-1,double_chance_home_or_away,Team B,1st_half_-_exact_goals_3+,2nd_half_-_home_team_clean_sheet_no,corners_-_1x2_home,home_no_bet_draw,home_no_bet_away,2nd_half_away_team_total_goals_odd_or_even_even,1x2_-_2up_home,2nd_half_-_handicap_0:1_draw_(0:1),2nd_half_-_home_team_clean_sheet_yes,any_team_to_score_2_or_more_goals_in_a_row_no,excluded_number_of_goals_-_away_2,1st_half_-_1x2_home,1st_half_-_double_chance_home_or_away,2nd_half_-_draw_no_bet_home,second_half_first_team_to_score_away,rest_of_match_asian_handicap_(current_score_0:0)_home_-0.5,away_team_goals_1,half-time_away_team_to_win_to_nil_yes/no_no,2nd_half_away_team_to_win_to_nil_yes/no_yes,1st_half_-_corner_range_0-4,match_score_away,1st_half_-_corner_1x2_away,handicap_2:0_away_(2:0),1st_half_-_draw_no_bet_home,1st_half_-_1st_goal_home,1st_half_-_exact_goals_1,away_team_to_score_2_or_more_goals_in_a_row_no,1st_half_-_double_chance_draw_or_away,1st_corner_home,1st_half_-_over/under_over_0.5,highest_scoring_half_equal,corners_-_over/under_over_8.5,second_half_clean_sheet_away,rest_of_first_half_total_goals_(current_score_0:0)_over_1.5,1st_half_-_total_booking_points_under_5.5,handicap_1:0_home_(1:0),2nd_half_-_gg/ng_no,1st_half_-home_exact_corners_3,1x2_draw,corner_handicap_away_(+2.5),2nd_half_-_gg/ng_yes,away_corner_range_0-2,1st_goal_home,2nd_half_-_away_team_clean_sheet_yes,away_team_goals_3+,corner_handicap_home_(-2.5),half-time_home_team_to_win_to_nil_yes/no_no,home_team_goals_1,race_to_3_corners_none,both_teams_to_score_in_both_halves_yes/no_yes,away_no_bet_home,1st_half_-away_exact_corners_3,Start Time,1st_corner_none,1st_half_-_1st_goal_none,1st_half_-_exact_goals_2,1st_half_-_which_team_wins_the_rest_(current_score_0:0)_away,1x2_away,10_minutes_-_1x2_from_1_to_10_draw,1st_goal_none,home_corner_range_3-4,1x2_home,draw_no_bet_away,no_draw_both_teams_to_score_yes/no_yes,1st_half_corners_-_over/under_over_3.5,1st_half_-_total_booking_points_over_5.5,away_team_goals_0,2nd_half_home_team_to_win_to_nil_yes/no_yes,1st_half_-_corner_range_7+,1st_goal_away,to_win_to_nil_away,odd/even_even,1st_half_-_which_team_wins_the_rest_(current_score_0:0)_home,2nd_half_away_team_total_goals_odd_or_even_odd,home_team_clean_sheet_yes,2nd_half_-_draw_no_bet_away,10_minutes_-_1x2_from_1_to_10_home,away_no_bet_draw,2nd_half_-_double_chance_home_or_draw,handicap_0:1_away_(0:1),rest_of_match_total_goals_(current_score_0:0)_under_2.5,double_chance_draw_or_away,asian_handicap_-0.5_away_(+0.5),1st_half_-_gg/ng_no,1st_half_-_asian_handicap_home_(-0.5),Timestamp,1st_half_-_corner_handicap_home_(-1.5),race_to_3_corners_home,1st_half_-_which_team_wins_the_rest_(current_score_0:0)_draw,rest_of_the_match_(current_score_0:0)_draw,rest_of_match_total_goals_(current_score_0:0)_over_2.5,handicap_2:0_home_(2:0),2nd_half_home_team_to_score_yes/no_yes,handicap_0:2_home_(0:2),second_half_first_team_to_score_no_goal,handicap_1:0_away_(1:0),home_team_goals_3+,draw_no_bet_home,highest_scoring_half_2nd_half,1st_half_-_corner_range_5-6,home_team_to_score_2_or_more_goals_in_a_row_yes,2nd_half_away_team_to_score_yes/no_no,away_team_to_score_2_or_more_goals_in_a_row_yes,1st_half_-_away_team_clean_sheet_no,1st_half_-_exact_goals_0,excluded_number_of_goals_-_away_3+,1st_half_-_asian_handicap_away_(+0.5),no_draw_both_teams_to_score_yes/no_no,1st_half_-_1x2_away,rest_of_the_match_(current_score_0:0)_away,gg/ng_2+_yes,excluded_number_of_goals_-_first_half_2,excluded_number_of_goals_-_home_3+,1st_half_-_1x2_draw,2nd_half_-_over/under_under_1.5,1st_half_-_over/under_under_0.5,2nd_half_away_team_to_win_to_nil_yes/no_no,1st_half_-_1st_corner_away,bookings_1x2_home,odd/even_corners_odd,bookings_1x2_draw,both_teams_to_score_in_both_halves_yes/no_no,1st_half_-_double_chance_home_or_draw,1st_half_-_draw_no_bet_away,1st_half_-_odd/even_corners_odd,1st_half_-_corner_handicap_away_(+1.5),2nd_half_-_double_chance_draw_or_away,1st_half_-home_exact_corners_4+,rest_of_the_match_(current_score_0:0)_home,booking_points-over/under_over_35.5,2nd_half_-_away_team_clean_sheet_no,2nd_half_-_1x2_draw,handicap_0:1_draw_(0:1),over/under_under_0.5,1x2_-_2up_draw,corners_-_over/under_under_8.5,1st_half_-home_exact_corners_0-1,corner_range_9-11,handicap_0:2_away_(0:2),handicap_1:0_draw_(1:0),away_team_goals_2,half-time_clean_sheet_away,1st_half_-_odd/even_corners_even,race_to_3_corners_away,away_corners_-_over/under_under_4.5,home_team_to_score_2_or_more_goals_in_a_row_no,team_not_to_score_home,2nd_half_home_team_to_win_to_nil_yes/no_no,double_chance_home_or_draw,excluded_number_of_goals_-_first_half_0,booking_points-over/under_under_35.5,team_not_to_score_away,away_corner_range_5-6,home_corner_range_0-2,to_win_to_nil_home,1st_corner_away,odd/even_odd,1st_half_-_1st_corner_none,excluded_number_of_goals_-_first_half_1,home_corner_range_5-6,2nd_half_-_handicap_0:1_home_(0:1),home_team_goals_2,match_score_home,any_team_to_score_2_or_more_goals_in_a_row_yes,2nd_half_-_1x2_away,2nd_half_-_over/under_over_1.5,1st_half_-_handicap_home_(0:1),2nd_half_-_handicap_0:1_away_(0:1),corners_-_1x2_away,excluded_number_of_goals_-_away_1,highest_scoring_half_1st_half,home_corner_range_7+,10_minutes_-_1x2_from_1_to_10_away,1st_half_-_1st_goal_away,corners_-_1x2_draw,2nd_half_home_team_to_score_yes/no_no,away_team_clean_sheet_no,1st_half_-home_exact_corners_2,home_team_clean_sheet_no,1st_half_-away_exact_corners_4+,home_corners_-_over/under_under_5.5,1st_half_-_1st_corner_home,1x2_-_2up_away,away_team_to_score_yes/no_no,bookings_1x2_away,gg/ng_2+_no,1st_half_-_home_team_clean_sheet_no,over/under_over_0.5,handicap_0:2_draw_(0:2),second_half_first_team_to_score_home,1st_half_corners_-_over/under_under_3.5,1st_half_-_handicap_draw_(0:1),excluded_number_of_goals_-_home_2,2nd_half_away_team_to_score_yes/no_yes,half-time_clean_sheet_home,1st_half_-_handicap_away_(0:1),1st_half_-_corner_1x2_draw,odd/even_corners_even,excluded_number_of_goals_-_home_1,excluded_number_of_goals_-_home_0,away_corner_range_3-4,excluded_number_of_goals_-_away_0,second_half_clean_sheet_home,1st_half_-_away_team_clean_sheet_yes,corner_range_12+,rest_of_first_half_total_goals_(current_score_0:0)_under_1.5,half-time_away_team_to_win_to_nil_yes/no_yes,15_minutes_-_corner_handicap_from_31_to_45_away_(+0.5),5_minutes_-_over/under_from_21_to_25_under_0.5,5_minutes_-_over/under_from_21_to_25_over_0.5,2nd_corner_away,15_minutes_-_1st_corner_from_31_to_45_home,2nd_corner_none,away_corners_-_over/under_over_3.5,15_minutes_-_home_corners_o/u_from_31_to_45_over_0.5,15_minutes_-_home_corners_o/u_from_31_to_45_under_0.5,2nd_half_-_over/under_under_0.5,corner_handicap_home_(-1.5),away_corners_-_over/under_under_3.5,15_minutes_-_corner_handicap_from_31_to_45_home_(-0.5),15_minutes_-_1st_corner_from_31_to_45_none,rest_of_first_half_total_goals_(current_score_0:0)_under_0.5,rest_of_first_half_total_goals_(current_score_0:0)_over_0.5,home_corners_-_over/under_over_4.5,2nd_corner_home,booking_points-over/under_under_25.5,15_minutes_-_corner_1x2_from_31_to_45_draw,home_corners_-_over/under_under_4.5,2nd_half_-_over/under_over_0.5,booking_points-over/under_over_25.5,corners_-_over/under_under_7.5,15_minutes_-_corner_1x2_from_31_to_45_away,15_minutes_-_1st_corner_from_31_to_45_away,corner_handicap_away_(+1.5),corners_-_over/under_over_7.5,15_minutes_-_corner_1x2_from_31_to_45_home,1st_half_corners_-_over/under_over_1.5,3rd_corner_away,1st_half_-_over/under_over_1.5,over/under_under_1.5,1st_half_-_over/under_under_1.5,handicap_0:3_draw_(0:3),handicap_0:3_away_(0:3),handicap_0:3_home_(0:3),3rd_corner_home,1st_half_corners_-_over/under_under_1.5,3rd_corner_none,over/under_over_1.5,sending_off_yes,bookings_-_over/under_under_2.5,bookings_-_over/under_over_2.5,sending_off_no,away_corners_-_over/under_over_8.5,away_corners_-_over/under_under_8.5,corners_-_over/under_over_9.5,corners_-_over/under_under_9.5
0.5814,0.7096,0.368,0.1025,0.3242,0.473,0.2169,59016725,0.2315,False,Royal Charleroi SC,0.3668,0.4976,0.223,0.2857,0.5769,0.1803,0.2886,0.2176,0.4324,0.4342,0.2438,0.4139,0.36,Yellow-Red KV Mechelen,0.1278,0.5067,0.5591,0.4795,0.5205,0.6076,0.4233,0.2437,0.4933,0.4356,0.2576,0.3262,0.29,0.5584,0.357,0.4186,0.3575,0.7648,0.2352,0.4967,0,0.3288,0.0512,0.5584,0.3817,0.3508,0.7203,0.3387,0.5441,0.6829,0.2626,0.6202,0.4686,0.3494,0.3489,0.6853,0.7,0.1936,0.2785,0.625,0.3,0.2379,0.5056,0.4286,0.1324,0.375,0.7143,0.3293,0.0317,0.0942,0.5974,0.1679,2025-04-19 19:15,0.018,0.3066,0.2182,0.2513,0.3006,0.7834,0.0693,0.2626,0.4209,0.4156,0.3766,0.6511,0.6511,0.2838,0.2857,0.2162,0.4251,0.4257,0.52,0.3262,0.3924,0.3,0.4416,0.1193,0.4026,0.3561,0.5672,0.4788,0.288,0.5658,0.777,0.3365,0,0.358,0.5854,0.4226,0.2775,0.5212,0.8463,0.5714,0.0936,0.221,0.1341,0.1998,0.5844,0.4548,0.2871,0.3735,0.4881,0.2797,0.48,0.3032,0.2857,0.6635,0.6234,0.2513,0.2999,0.1903,0.26,0.2658,0.4226,0.5263,0.3171,0.7648,0.4405,0.339,0.5,0.2542,0.9058,0.3712,0.4416,0.5,0.642,0.3198,0.2783,0.4226,0.4267,0.5714,0.3476,0.2151,0.1036,0.2689,0.3798,0.2968,0.3275,0.7676,0.1806,0.2263,0.4771,0.5,0.3829,0.5676,0.6265,0.4459,0.7143,0.352,0.233,0.5733,0.5541,0.2513,0.1232,0.5743,0.4379,0.48,0.0154,0.2184,0.2835,0.139,0.254,0,0.5644,0.2844,0.4737,0.0984,0.6173,0.3355,0.2168,0.2825,0.3307,0.0973,0.3117,0.1054,0.4286,0.7685,0.2313,0.7,0.1745,0.527,0.5441,0.3078,0.2904,0.4068,0.8097,0.4231,0.8964,0.1387,0.4219,0.3489,0.2429,0.2489,0.5119,0.5229,0.6586,0.1737,0.5,0.224,0.2613,0.3305,0.2399,0.5314,0.52,0.3057,0.6506,0.2352,N/A,N/A,N/A,N/A,N/A,N/A,N/A,N/A,N/A,N/A,N/A,N/A,N/A,N/A,N/A,N/A,N/A,N/A,N/A,N/A,N/A,N/A,N/A,N/A,N/A,N/A,N/A,N/A,N/A,N/A,N/A,N/A,N/A,N/A,N/A,N/A,N/A,N/A,N/A,N/A,N/A,N/A,N/A,N/A,N/A,N/A,N/A,N/A,N/A
0.5814,0.7096,0.368,0.1025,0.3242,0.473,0.2169,59016725,0.2315,False,Royal Charleroi SC,0.3668,0.4976,0.223,0.2857,0.5769,0.1803,0.2886,0.2176,0.4324,0.4342,0.2438,0.4139,0.36,Yellow-Red KV Mechelen,0.1278,0.5067,0.5591,0.4795,0.5205,0.6076,0.4233,0.2437,0.4933,0.4356,0.2576,0.3262,0.29,0.5584,0.357,0.4186,0.3575,0.7648,0.2352,0.4967,0,0.3288,0.0512,0.5584,0.3817,0.3508,0.7203,0.3387,0.5441,0.6829,0.2626,0.6202,0.4686,0.3494,0.3489,0.6853,0.7,0.1936,0.2785,0.625,0.3,0.2379,0.5056,0.4286,0.1324,0.375,0.7143,0.3293,0.0317,0.0942,0.5974,0.1679,2025-04-19 19:15,0.018,0.3066,0.2182,0.2513,0.3006,0.7834,0.0693,0.2626,0.4209,0.4156,0.3766,0.6511,0.6511,0.2838,0.2857,0.2162,0.4251,0.4257,0.52,0.3262,0.3924,0.3,0.4416,0.1193,0.4026,0.3561,0.5672,0.4788,0.288,0.5658,0.777,0.3365,54,0.358,0.5854,0.4226,0.2775,0.5212,0.8463,0.5714,0.0936,0.221,0.1341,0.1998,0.5844,0.4548,0.2871,0.3735,0.4881,0.2797,0.48,0.3032,0.2857,0.6635,0.6234,0.2513,0.2999,0.1903,0.26,0.2658,0.4226,0.5263,0.3171,0.7648,0.4405,0.339,0.5,0.2542,0.9058,0.3712,0.4416,0.5,0.642,0.3198,0.2783,0.4226,0.4267,0.5714,0.3476,0.2151,0.1036,0.2689,0.3798,0.2968,0.3275,0.7676,0.1806,0.2263,0.4771,0.5,0.3829,0.5676,0.6265,0.4459,0.7143,0.352,0.233,0.5733,0.5541,0.2513,0.1232,0.5743,0.4379,0.48,0.0154,0.2184,0.2835,0.139,0.254,0,0.5644,0.2844,0.4737,0.0984,0.6173,0.3355,0.2168,0.2825,0.3307,0.0973,0.3117,0.1054,0.4286,0.7685,0.2313,0.7,0.1745,0.527,0.5441,0.3078,0.2904,0.4068,0.8097,0.4231,0.8964,0.1387,0.4219,0.3489,0.2429,0.2489,0.5119,0.5229,0.6586,0.1737,0.5,0.224,0.2613,0.3305,0.2399,0.5314,0.52,0.3057,0.6506,0.2352,N/A,N/A,N/A,N/A,N/A,N/A,N/A,N/A,N/A,N/A,N/A,N/A,N/A,N/A,N/A,N/A,N/A,N/A,N/A,N/A,N/A,N/A,N/A,N/A,N/A,N/A,N/A,N/A,N/A,N/A,N/A,N/A,N/A,N/A,N/A,N/A,N/A,N/A,N/A,N/A,N/A,N/A,N/A,N/A,N/A,N/A,N/A,N/A,N/A
0.5814,0.7096,0.368,0.1025,0.3242,0.473,0.2169,59016725,0.2315,False,Royal Charleroi SC,0.3668,0.4976,0.223,0.2857,0.5769,0.1803,0.2886,0.2176,0.4324,0.4342,0.2438,0.4139,0.36,Yellow-Red KV Mechelen,0.1278,0.5067,0.5591,0.4795,0.5205,0.6076,0.4233,0.2437,0.4933,0.4356,0.2576,0.3262,0.29,0.5584,0.357,0.4186,0.3575,0.7648,0.2352,0.4967,0,0.3288,0.0512,0.5584,0.3817,0.3508,0.7203,0.3387,0.5441,0.6829,0.2626,0.6202,0.4686,0.3494,0.3489,0.6853,0.7,0.1936,0.2785,0.625,0.3,0.2379,0.5056,0.4286,0.1324,0.375,0.7143,0.3293,0.0317,0.0942,0.5974,0.1679,2025-04-19 19:15,0.018,0.3066,0.2182,0.2513,0.3006,0.7834,0.0693,0.2626,0.4209,0.4156,0.3766,0.6511,0.6511,0.2838,0.2857,0.2162,0.4251,0.4257,0.52,0.3262,0.3924,0.3,0.4416,0.1193,0.4026,0.3561,0.5672,0.4788,0.288,0.5658,0.777,0.3365,100,0.358,0.5854,0.4226,0.2775,0.5212,0.8463,0.5714,0.0936,0.221,0.1341,0.1998,0.5844,0.4548,0.2871,0.3735,0.4881,0.2797,0.48,0.3032,0.2857,0.6635,0.6234,0.2513,0.2999,0.1903,0.26,0.2658,0.4226,0.5263,0.3171,0.7648,0.4405,0.339,0.5,0.2542,0.9058,0.3712,0.4416,0.5,0.642,0.3198,0.2783,0.4226,0.4267,0.5714,0.3476,0.2151,0.1036,0.2689,0.3798,0.2968,0.3275,0.7676,0.1806,0.2263,0.4771,0.5,0.3829,0.5676,0.6265,0.4459,0.7143,0.352,0.233,0.5733,0.5541,0.2513,0.1232,0.5743,0.4379,0.48,0.0154,0.2184,0.2835,0.139,0.254,0,0.5644,0.2844,0.4737,0.0984,0.6173,0.3355,0.2168,0.2825,0.3307,0.0973,0.3117,0.1054,0.4286,0.7685,0.2313,0.7,0.1745,0.527,0.5441,0.3078,0.2904,0.4068,0.8097,0.4231,0.8964,0.1387,0.4219,0.3489,0.2429,0.2489,0.5119,0.5229,0.6586,0.1737,0.5,0.224,0.2613,0.3305,0.2399,0.5314,0.52,0.3057,0.6506,0.2352,N/A,N/A,N/A,N/A,N/A,N/A,N/A,N/A,N/A,N/A,N/A,N/A,N/A,N/A,N/A,N/A,N/A,N/A,N/A,N/A,N/A,N/A,N/A,N/A,N/A,N/A,N/A,N/A,N/A,N/A,N/A,N/A,N/A,N/A,N/A,N/A,N/A,N/A,N/A,N/A,N/A,N/A,N/A,N/A,N/A,N/A,N/A,N/A,N/A
0.5814,0.7096,0.368,0.1025,0.3242,0.473,0.2169,59016725,0.2315,False,Royal Charleroi SC,0.3668,0.4976,0.223,0.2857,0.5769,0.1803,0.2886,0.2176,0.4324,0.4342,0.2438,0.4139,0.36,Yellow-Red KV Mechelen,0.1278,0.5067,0.5591,0.4795,0.5205,0.6076,0.4233,0.2437,0.4933,0.4356,0.2576,0.3262,0.29,0.5584,0.357,0.4186,0.3575,0.7648,0.2352,0.4967,0,0.3288,0.0512,0.5584,0.3817,0.3508,0.7203,0.3387,0.5441,0.6829,0.2626,0.6202,0.4686,0.3494,0.3489,0.6853,0.7,0.1936,0.2785,0.625,0.3,0.2379,0.5056,0.4286,0.1324,0.375,0.7143,0.3293,0.0317,0.0942,0.5974,0.1679,2025-04-19 19:15,0.018,0.3066,0.2182,0.2513,0.3006,0.7834,0.0693,0.2626,0.4209,0.4156,0.3766,0.6511,0.6511,0.2838,0.2857,0.2162,0.4251,0.4257,0.52,0.3262,0.3924,0.3,0.4416,0.1193,0.4026,0.3561,0.5672,0.4788,0.288,0.5658,0.777,0.3365,150,0.358,0.5854,0.4226,0.2775,0.5212,0.8463,0.5714,0.0936,0.221,0.1341,0.1998,0.5844,0.4548,0.2871,0.3735,0.4881,0.2797,0.48,0.3032,0.2857,0.6635,0.6234,0.2513,0.2999,0.1903,0.26,0.2658,0.4226,0.5263,0.3171,0.7648,0.4405,0.339,0.5,0.2542,0.9058,0.3712,0.4416,0.5,0.642,0.3198,0.2783,0.4226,0.4267,0.5714,0.3476,0.2151,0.1036,0.2689,0.3798,0.2968,0.3275,0.7676,0.1806,0.2263,0.4771,0.5,0.3829,0.5676,0.6265,0.4459,0.7143,0.352,0.233,0.5733,0.5541,0.2513,0.1232,0.5743,0.4379,0.48,0.0154,0.2184,0.2835,0.139,0.254,0,0.5644,0.2844,0.4737,0.0984,0.6173,0.3355,0.2168,0.2825,0.3307,0.0973,0.3117,0.1054,0.4286,0.7685,0.2313,0.7,0.1745,0.527,0.5441,0.3078,0.2904,0.4068,0.8097,0.4231,0.8964,0.1387,0.4219,0.3489,0.2429,0.2489,0.5119,0.5229,0.6586,0.1737,0.5,0.224,0.2613,0.3305,0.2399,0.5314,0.52,0.3057,0.6506,0.2352,N/A,N/A,N/A,N/A,N/A,N/A,N/A,N/A,N/A,N/A,N/A,N/A,N/A,N/A,N/A,N/A,N/A,N/A,N/A,N/A,N/A,N/A,N/A,N/A,N/A,N/A,N/A,N/A,N/A,N/A,N/A,N/A,N/A,N/A,N/A,N/A,N/A,N/A,N/A,N/A,N/A,N/A,N/A,N/A,N/A,N/A,N/A,N/A,N/A
0.5814,0.7096,0.368,0.1025,0.3242,0.473,0.2169,59016725,0.2315,False,Royal Charleroi SC,0.3668,0.4976,0.223,0.2857,0.5769,0.1803,0.2886,0.2176,0.4324,0.4342,0.2438,0.4139,0.36,Yellow-Red KV Mechelen,0.1278,0.5067,0.5591,0.4795,0.5205,0.6076,0.4233,0.2437,0.4933,0.4356,0.2576,0.3262,0.29,0.5584,0.357,0.4186,0.3575,0.7648,0.2352,0.4967,0,0.3288,0.0512,0.5584,0.3817,0.3508,0.7203,0.3387,0.5441,0.6829,0.2626,0.6202,0.4686,0.3494,0.3489,0.6853,0.7,0.1936,0.2785,0.625,0.3,0.2379,0.5056,0.4286,0.1324,0.375,0.7143,0.3293,0.0317,0.0942,0.5974,0.1679,2025-04-19 19:15,0.018,0.3066,0.2182,0.2513,0.3006,0.7834,0.0693,0.2626,0.4209,0.4156,0.3766,0.6511,0.6511,0.2838,0.2857,0.2162,0.4251,0.4257,0.52,0.3262,0.3924,0.3,0.4416,0.1193,0.4026,0.3561,0.5672,0.4788,0.288,0.5658,0.777,0.3365,194,0.358,0.5854,0.4226,0.2775,0.5212,0.8463,0.5714,0.0936,0.221,0.1341,0.1998,0.5844,0.4548,0.2871,0.3735,0.4881,0.2797,0.48,0.3032,0.2857,0.6635,0.6234,0.2513,0.2999,0.1903,0.26,0.2658,0.4226,0.5263,0.3171,0.7648,0.4405,0.339,0.5,0.2542,0.9058,0.3712,0.4416,0.5,0.642,0.3198,0.2783,0.4226,0.4267,0.5714,0.3476,0.2151,0.1036,0.2689,0.3798,0.2968,0.3275,0.7676,0.1806,0.2263,0.4771,0.5,0.3829,0.5676,0.6265,0.4459,0.7143,0.352,0.233,0.5733,0.5541,0.2513,0.1232,0.5743,0.4379,0.48,0.0154,0.2184,0.2835,0.139,0.254,0,0.5644,0.2844,0.4737,0.0984,0.6173,0.3355,0.2168,0.2825,0.3307,0.0973,0.3117,0.1054,0.4286,0.7685,0.2313,0.7,0.1745,0.527,0.5441,0.3078,0.2904,0.4068,0.8097,0.4231,0.8964,0.1387,0.4219,0.3489,0.2429,0.2489,0.5119,0.5229,0.6586,0.1737,0.5,0.224,0.2613,0.3305,0.2399,0.5314,0.52,0.3057,0.6506,0.2352,N/A,N/A,N/A,N/A,N/A,N/A,N/A,N/A,N/A,N/A,N/A,N/A,N/A,N/A,N/A,N/A,N/A,N/A,N/A,N/A,N/A,N/A,N/A,N/A,N/A,N/A,N/A,N/A,N/A,N/A,N/A,N/A,N/A,N/A,N/A,N/A,N/A,N/A,N/A,N/A,N/A,N/A,N/A,N/A,N/A,N/A,N/A,N/A,N/A
0.5814,0.7096,0.368,0.1025,0.3242,0.473,0.2169,59016725,0.2315,False,Royal Charleroi SC,0.3668,0.4976,0.223,0.2857,0.5769,0.1803,0.2886,0.2176,0.4324,0.4342,0.2438,0.4139,0.36,Yellow-Red KV Mechelen,0.1278,0.5067,0.5591,0.4795,0.5205,0.6076,0.4233,0.2437,0.4933,0.4356,0.2576,0.3262,0.29,0.5584,0.357,0.4186,0.3575,0.7648,0.2352,0.4967,0,0.3288,0.0512,0.5584,0.3817,0.3508,0.7203,0.3387,0.5441,0.6829,0.2626,0.6202,0.4686,0.3494,0.3489,0.6853,0.7,0.1936,0.2785,0.625,0.3,0.2379,0.5056,0.4286,0.1324,0.375,0.7143,0.3293,0.0317,0.0942,0.5974,0.1679,2025-04-19 19:15,0.018,0.3066,0.2182,0.2513,0.3006,0.7834,0.0693,0.2626,0.4209,0.4156,0.3766,0.6511,0.6511,0.2838,0.2857,0.2162,0.4251,0.4257,0.52,0.3262,0.3924,0.3,0.4416,0.1193,0.4026,0.3561,0.5672,0.4788,0.288,0.5658,0.777,0.3365,232,0.358,0.5854,0.4226,0.2775,0.5212,0.8463,0.5714,0.0936,0.221,0.1341,0.1998,0.5844,0.4548,0.2871,0.3735,0.4881,0.2797,0.48,0.3032,0.2857,0.6635,0.6234,0.2513,0.2999,0.1903,0.26,0.2658,0.4226,0.5263,0.3171,0.7648,0.4405,0.339,0.5,0.2542,0.9058,0.3712,0.4416,0.5,0.642,0.3198,0.2783,0.4226,0.4267,0.5714,0.3476,0.2151,0.1036,0.2689,0.3798,0.2968,0.3275,0.7676,0.1806,0.2263,0.4771,0.5,0.3829,0.5676,0.6265,0.4459,0.7143,0.352,0.233,0.5733,0.5541,0.2513,0.1232,0.5743,0.4379,0.48,0.0154,0.2184,0.2835,0.139,0.254,0,0.5644,0.2844,0.4737,0.0984,0.6173,0.3355,0.2168,0.2825,0.3307,0.0973,0.3117,0.1054,0.4286,0.7685,0.2313,0.7,0.1745,0.527,0.5441,0.3078,0.2904,0.4068,0.8097,0.4231,0.8964,0.1387,0.4219,0.3489,0.2429,0.2489,0.5119,0.5229,0.6586,0.1737,0.5,0.224,0.2613,0.3305,0.2399,0.5314,0.52,0.3057,0.6506,0.2352,N/A,N/A,N/A,N/A,N/A,N/A,N/A,N/A,N/A,N/A,N/A,N/A,N/A,N/A,N/A,N/A,N/A,N/A,N/A,N/A,N/A,N/A,N/A,N/A,N/A,N/A,N/A,N/A,N/A,N/A,N/A,N/A,N/A,N/A,N/A,N/A,N/A,N/A,N/A,N/A,N/A,N/A,N/A,N/A,N/A,N/A,N/A,N/A,N/A
0.5814,0.7096,0.368,0.1025,0.3242,0.473,0.2169,59016725,0.2315,False,Royal Charleroi SC,0.3668,0.4976,0.223,0.2857,0.5769,0.1803,0.2886,0.2176,0.4324,0.4342,0.2438,0.4139,0.36,Yellow-Red KV Mechelen,0.1278,0.5067,0.5591,0.4795,0.5205,0.6076,0.4233,0.2437,0.4933,0.4356,0.2576,0.3262,0.29,0.5584,0.357,0.4186,0.3575,0.7648,0.2352,0.4967,0,0.3288,0.0512,0.5584,0.3817,0.3508,0.7203,0.3387,0.5441,0.6829,0.2626,0.6202,0.4686,0.3494,0.3489,0.6853,0.7,0.1936,0.2785,0.625,0.3,0.2379,0.5056,0.4286,0.1324,0.375,0.7143,0.3293,0.0317,0.0942,0.5974,0.1679,2025-04-19 19:15,0.018,0.3066,0.2182,0.2513,0.3006,0.7834,0.0693,0.2626,0.4209,0.4156,0.3766,0.6511,0.6511,0.2838,0.2857,0.2162,0.4251,0.4257,0.52,0.3262,0.3924,0.3,0.4416,0.1193,0.4026,0.3561,0.5672,0.4788,0.288,0.5658,0.777,0.3365,277,0.358,0.5854,0.4226,0.2775,0.5212,0.8463,0.5714,0.0936,0.221,0.1341,0.1998,0.5844,0.4548,0.2871,0.3735,0.4881,0.2797,0.48,0.3032,0.2857,0.6635,0.6234,0.2513,0.2999,0.1903,0.26,0.2658,0.4226,0.5263,0.3171,0.7648,0.4405,0.339,0.5,0.2542,0.9058,0.3712,0.4416,0.5,0.642,0.3198,0.2783,0.4226,0.4267,0.5714,0.3476,0.2151,0.1036,0.2689,0.3798,0.2968,0.3275,0.7676,0.1806,0.2263,0.4771,0.5,0.3829,0.5676,0.6265,0.4459,0.7143,0.352,0.233,0.5733,0.5541,0.2513,0.1232,0.5743,0.4379,0.48,0.0154,0.2184,0.2835,0.139,0.254,0,0.5644,0.2844,0.4737,0.0984,0.6173,0.3355,0.2168,0.2825,0.3307,0.0973,0.3117,0.1054,0.4286,0.7685,0.2313,0.7,0.1745,0.527,0.5441,0.3078,0.2904,0.4068,0.8097,0.4231,0.8964,0.1387,0.4219,0.3489,0.2429,0.2489,0.5119,0.5229,0.6586,0.1737,0.5,0.224,0.2613,0.3305,0.2399,0.5314,0.52,0.3057,0.6506,0.2352,N/A,N/A,N/A,N/A,N/A,N/A,N/A,N/A,N/A,N/A,N/A,N/A,N/A,N/A,N/A,N/A,N/A,N/A,N/A,N/A,N/A,N/A,N/A,N/A,N/A,N/A,N/A,N/A,N/A,N/A,N/A,N/A,N/A,N/A,N/A,N/A,N/A,N/A,N/A,N/A,N/A,N/A,N/A,N/A,N/A,N/A,N/A,N/A,N/A
0.598,0.6635,0.3672,0.0988,0.3224,N/A,0.2554,59016725,0.2708,False,Royal Charleroi SC,0.6091,0.333,0.1667,0.7143,0.6463,0.1625,0.2938,0.2077,N/A,0.4286,N/A,N/A,0.3568,Yellow-Red KV Mechelen,0.0775,0.5,0.5209,0.4932,0.5068,0.6015,N/A,0.2453,0.5,0.4595,0.2596,0.3107,0.2763,0.5658,0.3795,0.402,0.3638,N/A,0.2515,0.7878,N/A,0.426,0.0481,0.5584,0.3586,0.3566,0.7331,0.3479,N/A,0.6432,0.2698,N/A,0.4819,N/A,0.4211,0.6861,N/A,N/A,N/A,N/A,N/A,0.2554,0.497,0.4342,0.1049,N/A,0.2857,0.3438,0.132,0.118,0.5836,N/A,2025-04-19 19:15,N/A,0.3454,0.1783,0.2271,N/A,0.8951,0.0943,0.3507,N/A,0.4231,0.4709,N/A,0.5789,0.3241,0.2766,0.0397,0.4087,N/A,0.52,0.2955,0.3985,0.3365,0.4342,0.0576,0.4164,0.3596,0.5726,0.555,0.2944,0.5714,0.8333,0.3218,352,0.2749,0.3243,0.4774,0.2909,0.445,0.8531,0.555,0.0863,0.2162,0.1296,0.1625,0.5769,0.5032,0.1724,0.3549,0.4709,0.2669,0.4103,0.3876,0.2908,0.6782,0.5291,0.2453,0.2955,0.1747,0.2664,0.2707,0.4439,N/A,0.3568,0.7485,N/A,0.3228,0.5,0.2591,0.882,0.3758,0.4416,0.5135,0.7251,0.318,N/A,0.4137,N/A,0.5658,0.3533,0.2197,0.1129,N/A,N/A,N/A,0.2648,0.7781,0.1843,0.2073,N/A,0.4865,0.5437,N/A,0.6451,N/A,0.7234,0.3489,0.223,N/A,N/A,0.2449,0.3439,N/A,N/A,0.48,N/A,0.2168,0.2032,0.1332,0.2383,N/A,0.5405,0.2795,N/A,0.0844,0.6215,0.3575,0.2151,0.227,0.1022,0.0473,0.296,0.1216,0.445,0.7292,N/A,0.6635,N/A,N/A,N/A,N/A,0.3365,0.4181,0.8253,0.3537,0.8871,0.1356,0.4043,N/A,0.238,0.2512,0.5291,N/A,0.6776,0.241,0.5,0.2227,0.2553,0.3373,0.2344,0.5181,0.5897,0.126,N/A,N/A,0.6932,0.8358,0.1642,0.5308,0.357,0.018,0.5676,0.5067,0.4933,0.2272,0.4164,0.4324,0.3068,0.221,0.4103,0.5897,0.4658,0.4512,0.4026,0.3429,0.5342,0.7728,0.5974,0.44,0.3631,0.4219,0.5836,0.56,0.2939,N/A,N/A,N/A,N/A,N/A,N/A,N/A,N/A,N/A,N/A,N/A,N/A,N/A,N/A,N/A,N/A,N/A,N/A,N/A,N/A
0.598,0.5897,0.3067,N/A,0.3231,N/A,N/A,59016725,N/A,False,Royal Charleroi SC,N/A,N/A,0.2796,N/A,0.7204,N/A,N/A,0.6325,N/A,0.8257,N/A,N/A,N/A,Yellow-Red KV Mechelen,N/A,0.5526,0.087,0.686,0.314,0.5814,N/A,0.2198,0.4474,0.4882,0.2639,0.9217,N/A,0.4737,0.4202,0.402,0.3591,N/A,0.2515,N/A,0,N/A,N/A,N/A,N/A,N/A,0.7505,N/A,N/A,N/A,0.2075,N/A,0.5169,N/A,0.4865,N/A,0.69,N/A,0.1217,N/A,0.31,N/A,N/A,0.4737,0.1056,N/A,N/A,N/A,0.0612,N/A,0.8527,N/A,2025-04-19 19:15,N/A,N/A,N/A,0.2271,0.051,N/A,N/A,0.2378,0.8273,0.0822,0.5,N/A,0.5135,0.3265,0.2766,N/A,N/A,N/A,0.5132,0.2955,0.4186,0.3365,0.5263,N/A,0.1473,0.3299,0.1518,0.555,N/A,0.1743,0.7204,0.7445,1758,0.2749,0.0734,0.4774,0.2909,0.445,N/A,0.5614,0.165,0.1778,N/A,N/A,0.9178,0.1259,N/A,0.3349,0.4103,0.2495,N/A,N/A,0.2935,0.2555,0.5,0.0093,0.2955,0.1574,N/A,N/A,0.069,0.5526,N/A,0.7485,N/A,0.6489,N/A,0.2194,N/A,N/A,N/A,N/A,0.7251,0.347,N/A,0.4137,0.3928,0.5263,0.353,0.2156,N/A,N/A,N/A,N/A,N/A,0.6188,N/A,0.2088,N/A,N/A,0.8655,N/A,0.6651,N/A,0.7234,N/A,N/A,0.6072,N/A,N/A,0.6928,N/A,N/A,0.4868,N/A,N/A,0.0518,0.0983,N/A,2,0.5118,0.3402,0.4474,0.775,0.6819,0.83,0.2151,0.6665,0.0176,N/A,N/A,0.083,0.4386,N/A,N/A,0.6635,N/A,N/A,N/A,N/A,0.4103,0.1316,0.8426,0.2796,N/A,0.2162,0.402,N/A,0.1918,N/A,0.5897,N/A,0.0332,N/A,N/A,N/A,N/A,N/A,0.2276,0.4831,N/A,N/A,N/A,N/A,0.7204,0.8358,0.1642,N/A,0.3306,N/A,N/A,N/A,N/A,N/A,0.4164,N/A,0.2796,0.2286,0.4103,0.5897,0.4658,N/A,N/A,0.3495,0.5342,N/A,N/A,N/A,0.3859,0.4408,0.5836,N/A,0.2646,0.7714,0.5737,0.5714,0.1249,0.4286,0.2182,0.6255,0.1564,0.408,0.2286,0.0184,0.8751,N/A,N/A,N/A,N/A,N/A,N/A,N/A,N/A
0.598,0.5897,0.3014,0.0991,0.3299,N/A,N/A,59016725,N/A,False,Royal Charleroi SC,N/A,N/A,0.1618,N/A,0.8964,N/A,N/A,0.6211,N/A,0.8429,N/A,N/A,N/A,Yellow-Red KV Mechelen,N/A,0.5714,N/A,0.7221,0.2779,0.5814,N/A,0.2178,0.4286,0.4882,0.2764,N/A,N/A,0.4605,0.4202,0.402,0.3648,N/A,0.2515,N/A,0,N/A,0.0448,N/A,N/A,N/A,0.7505,N/A,N/A,N/A,0.2335,0.686,0.5169,N/A,0.4865,0.9256,0.6782,N/A,0.1209,N/A,0.3218,N/A,N/A,0.4737,0.0662,N/A,N/A,N/A,0.0612,N/A,0.8587,N/A,2025-04-19 19:15,N/A,N/A,N/A,0.2271,0.0426,0.8951,N/A,0.2291,0.8365,0.0728,0.5,N/A,0.5135,0.3972,0.2766,N/A,N/A,N/A,0.52,0.2955,0.4186,0.4103,0.5395,0.0576,0.1413,0.3231,0.1399,0.555,N/A,0.1571,0.8382,0.7445,3204,0.2749,0.0734,0.4774,0.2909,0.445,0.856,0.5614,0.165,0.1778,0.0189,N/A,0.9272,0.1901,N/A,0.3349,0.4103,0.2495,N/A,N/A,0.3059,0.2555,0.5,N/A,0.2955,0.1574,N/A,N/A,N/A,0.5132,N/A,0.7485,N/A,0.6376,N/A,0.2255,N/A,N/A,N/A,N/A,0.7251,0.347,N/A,0.4137,N/A,0.5263,0.346,0.239,N/A,N/A,0.314,N/A,N/A,0.6188,0.0555,0.1719,N/A,N/A,0.8655,N/A,0.6651,N/A,0.7234,N/A,N/A,N/A,N/A,N/A,0.7056,N/A,N/A,0.48,N/A,N/A,0.0477,0.0986,N/A,2,0.5118,0.3526,0.4868,0.8399,0.6836,N/A,0.2158,0.5764,0.0176,0.0473,N/A,N/A,0.4386,N/A,N/A,0.5897,N/A,N/A,N/A,N/A,0.4103,0.137,0.8426,0.1036,N/A,0.2162,0.402,N/A,0.1478,N/A,0.5897,N/A,0.0123,N/A,N/A,N/A,N/A,N/A,0.202,0.4831,N/A,N/A,N/A,N/A,0.7204,0.8358,0.1642,N/A,0.3306,N/A,N/A,N/A,N/A,N/A,0.4164,N/A,0.2796,0.2286,0.4103,0.5897,0.4658,N/A,0.3928,0.3495,0.5342,N/A,0.6072,N/A,0.3859,0.4408,0.5836,N/A,0.2646,0.7714,0.5737,0.5714,0.1249,0.4286,0.212,0.6887,0.0993,0.408,0.2286,0.0184,0.8751,0.1346,0.3928,0.6072,0.8654,N/A,N/A,N/A,N/A
0.598,0.5897,0.3014,0.0991,0.3299,N/A,N/A,59016725,N/A,False,Royal Charleroi SC,0.277,N/A,0.1618,N/A,0.8964,N/A,N/A,0.6211,N/A,0.8382,N/A,N/A,N/A,Yellow-Red KV Mechelen,N/A,0.5714,N/A,0.719,0.281,0.5814,N/A,0.2178,0.4286,0.4882,0.2756,N/A,N/A,0.4605,0.4202,0.402,0.3626,N/A,0.2515,N/A,0,N/A,0.0448,N/A,N/A,N/A,0.7505,N/A,N/A,N/A,0.2335,0.686,0.5169,N/A,0.4865,0.9256,0.6782,N/A,0.1176,N/A,0.3218,N/A,N/A,0.4737,0.0683,N/A,N/A,N/A,0.0612,N/A,0.8587,N/A,2025-04-19 19:15,N/A,N/A,N/A,0.2271,0.0427,0.8951,N/A,0.2271,0.8397,0.0754,0.5,N/A,0.5135,0.3948,0.2766,N/A,N/A,N/A,0.52,0.2955,0.4186,0.4103,0.5395,0.0576,0.1413,0.3231,0.1399,0.555,N/A,0.1618,0.8382,0.7445,3391,0.2749,0.0734,0.4774,0.2909,0.445,0.856,0.5614,0.165,0.1778,0.0189,N/A,0.9246,0.1901,N/A,0.3349,0.4103,0.2495,N/A,N/A,0.3051,0.2555,0.5,N/A,0.2955,0.1574,N/A,N/A,N/A,0.5132,N/A,0.7485,N/A,0.6376,0.5,0.2255,N/A,N/A,N/A,N/A,0.7251,0.347,N/A,0.4137,N/A,0.5263,0.346,0.239,N/A,N/A,0.314,N/A,0.4459,0.6188,0.0555,0.1742,N/A,N/A,0.8655,N/A,0.6651,N/A,0.7234,N/A,N/A,N/A,N/A,N/A,0.7086,N/A,N/A,0.48,N/A,N/A,0.0466,0.0986,N/A,2,0.5118,0.3526,0.4868,0.8399,0.6836,N/A,0.2152,0.5764,0.0177,0.0473,N/A,N/A,0.4386,N/A,N/A,0.5897,N/A,N/A,N/A,N/A,0.4103,0.137,0.8426,0.1036,N/A,0.2162,0.402,N/A,0.1478,N/A,0.5897,N/A,0.0123,N/A,0.5,N/A,N/A,N/A,0.204,0.4831,N/A,0.277,N/A,N/A,0.7204,0.8358,0.1642,N/A,0.3306,N/A,N/A,N/A,N/A,N/A,0.4164,N/A,0.2796,0.2286,0.4103,0.5897,0.4658,N/A,0.3928,0.3495,0.5342,N/A,0.6072,N/A,0.3859,0.4408,0.5836,N/A,0.2646,0.7714,0.5737,0.5714,0.1249,0.4286,0.2102,0.6903,0.0995,0.408,0.2286,0.0184,0.8751,0.1346,0.3928,0.6072,0.8654,0.4459,0.5541,N/A,N/A
0.598,0.5897,0.3014,0.0991,0.3299,N/A,N/A,59016725,N/A,False,Royal Charleroi SC,0.277,N/A,0.1618,N/A,0.8964,N/A,N/A,0.6178,N/A,0.8333,N/A,N/A,N/A,Yellow-Red KV Mechelen,N/A,0.5714,N/A,0.7011,0.2989,0.5814,N/A,0.2178,0.4286,0.4882,0.2736,N/A,N/A,0.4605,0.4202,0.402,0.3636,N/A,0.2515,N/A,0,N/A,0.0448,N/A,N/A,N/A,0.7505,N/A,N/A,N/A,0.2335,N/A,0.5169,N/A,0.4865,0.924,0.6782,N/A,0.1204,N/A,0.3218,N/A,N/A,0.4737,0.0775,N/A,N/A,N/A,0.0612,N/A,0.8538,N/A,2025-04-19 19:15,N/A,N/A,N/A,0.2271,0.0466,0.8951,N/A,0.2271,0.833,0.0783,0.5,N/A,0.5135,0.379,0.2766,N/A,N/A,N/A,0.5132,0.2955,0.4186,0.3924,0.5395,0.0576,0.1462,0.3231,0.1445,0.555,N/A,0.1667,0.8382,0.7445,3744,0.2749,0.0734,0.4774,0.2909,0.445,0.856,0.5614,0.165,0.1778,0.0189,N/A,0.9217,0.1901,N/A,0.3349,0.4103,0.2495,N/A,N/A,0.3026,0.2555,0.5,N/A,0.2955,0.1574,N/A,N/A,N/A,0.5132,N/A,0.7485,N/A,0.6376,0.5,0.2255,N/A,N/A,N/A,N/A,0.7251,0.347,N/A,0.4137,N/A,0.5263,0.346,0.2377,N/A,N/A,N/A,N/A,0.4459,0.6188,0.0571,0.1799,N/A,N/A,0.8655,N/A,0.6651,N/A,0.7234,N/A,N/A,N/A,N/A,N/A,0.7086,N/A,N/A,0.4868,N/A,N/A,0.0466,0.0986,N/A,2,0.5118,0.3526,0.4868,0.8399,0.6836,N/A,0.2141,0.5764,0.0177,0.0473,N/A,N/A,0.4386,N/A,N/A,0.6076,N/A,N/A,N/A,N/A,0.4103,0.137,0.8426,0.1036,N/A,0.2162,0.402,N/A,0.1478,N/A,0.5897,N/A,0.0123,N/A,0.5,N/A,N/A,N/A,0.2098,0.4831,N/A,0.277,N/A,N/A,0.7204,0.8358,0.1642,N/A,0.3306,N/A,N/A,N/A,N/A,N/A,0.4164,N/A,0.2796,0.2286,0.4103,0.5897,0.4658,N/A,0.3928,0.3495,0.5342,N/A,0.6072,N/A,0.3859,0.4408,0.5836,N/A,0.2646,0.7714,0.5737,0.5714,0.1249,0.4286,0.2096,0.6884,0.102,0.408,0.2286,0.0184,0.8751,0.1346,0.3928,0.6072,0.8654,0.4459,0.5541,0.56,0.44
0.598,0.5897,0.3014,0.0991,0.3299,N/A,N/A,59016725,N/A,False,Royal Charleroi SC,0.277,N/A,0.1618,N/A,0.8964,N/A,N/A,0.6159,N/A,0.8333,N/A,N/A,N/A,Yellow-Red KV Mechelen,N/A,0.5714,N/A,0.7045,0.2955,0.5814,N/A,0.2178,0.4286,0.4882,0.274,N/A,N/A,0.4605,0.4202,0.402,0.3647,N/A,0.2515,N/A,0,N/A,0.0448,N/A,N/A,N/A,0.7505,N/A,N/A,N/A,0.2335,N/A,0.5169,N/A,0.4865,0.924,0.6782,N/A,0.1204,N/A,0.3218,N/A,N/A,0.4737,0.0745,N/A,N/A,N/A,0.0612,N/A,0.8538,N/A,2025-04-19 19:15,N/A,N/A,N/A,0.2271,0.0466,0.8951,N/A,0.2271,0.833,0.0783,0.5,N/A,0.5135,0.3803,0.2766,N/A,N/A,N/A,0.5132,0.2955,0.4186,0.3924,0.5395,0.0576,0.1462,0.3231,0.144,0.555,N/A,0.1667,0.8382,0.7445,3832,0.2749,0.0734,0.4774,0.2909,0.445,0.856,0.5614,0.165,0.1778,0.0189,N/A,0.9217,0.1901,N/A,0.3349,0.4103,0.2495,N/A,N/A,0.303,0.2555,0.5,N/A,0.2955,0.1574,N/A,N/A,N/A,0.5132,N/A,0.7485,N/A,0.6376,0.5,0.2255,N/A,N/A,N/A,N/A,0.7251,0.347,N/A,0.4137,N/A,0.5263,0.346,0.2401,N/A,N/A,N/A,N/A,0.4459,0.6188,0.0571,0.1805,N/A,N/A,0.8655,N/A,0.6651,N/A,0.7234,N/A,N/A,N/A,N/A,N/A,0.7086,N/A,N/A,0.4868,N/A,N/A,0.0466,0.0986,N/A,2,0.5118,0.3526,0.4868,0.8399,0.6836,N/A,0.2144,0.5764,0.0177,0.0473,N/A,N/A,0.4386,N/A,N/A,0.6076,N/A,N/A,N/A,N/A,0.4103,0.137,0.8426,0.1036,N/A,0.2162,0.402,N/A,0.1478,N/A,0.5897,N/A,0.0123,N/A,0.5,N/A,N/A,N/A,0.2087,0.4831,N/A,0.277,N/A,N/A,0.7204,0.8358,0.1642,N/A,0.3306,N/A,N/A,N/A,N/A,N/A,0.4164,N/A,0.2796,0.2286,0.4103,0.5897,0.4658,N/A,0.3928,0.3495,0.5342,N/A,0.6072,N/A,0.3859,0.4408,0.5836,N/A,0.2646,0.7714,0.5737,0.5714,0.1249,0.4286,0.2096,0.6884,0.102,0.408,0.2286,0.0184,0.8751,0.1346,0.3928,0.6072,0.8654,0.4459,0.5541,0.56,0.44
0.598,0.598,0.3014,0.0991,0.3299,N/A,N/A,59016725,N/A,False,Royal Charleroi SC,0.277,N/A,0.1618,N/A,0.8964,N/A,N/A,0.6159,N/A,0.8333,N/A,N/A,N/A,Yellow-Red KV Mechelen,N/A,0.5714,N/A,0.7045,0.2955,0.5714,N/A,0.2178,0.4286,0.4882,0.274,N/A,N/A,0.4605,0.4239,0.402,0.3647,N/A,0.2857,N/A,0,N/A,0.0448,N/A,N/A,N/A,0.7505,N/A,N/A,N/A,0.2335,N/A,0.5281,N/A,0.4865,0.924,0.6782,N/A,0.1204,N/A,0.3218,N/A,N/A,0.4737,0.0745,N/A,N/A,N/A,0.0612,N/A,0.8538,N/A,2025-04-19 19:15,N/A,N/A,N/A,0.2271,0.0466,0.8951,N/A,0.2271,0.833,0.0783,0.504,N/A,0.5135,0.3803,0.2451,N/A,N/A,N/A,0.5132,0.2955,0.4286,0.3924,0.5395,0.0576,0.1462,0.3231,0.144,0.555,N/A,0.1667,0.8382,0.7445,3866,0.2749,0.0734,0.4774,0.2909,0.445,0.856,0.555,0.165,0.1793,0.0189,N/A,0.9217,0.1901,N/A,0.3349,0.402,0.2495,N/A,N/A,0.303,0.2555,0.496,N/A,0.2955,0.1574,N/A,N/A,N/A,0.5132,N/A,0.7143,N/A,0.6376,0.5,0.2255,N/A,N/A,N/A,N/A,0.7251,0.347,N/A,0.4137,N/A,0.5263,0.346,0.2401,N/A,N/A,N/A,N/A,0.4459,0.6188,0.0571,0.1805,N/A,N/A,0.8655,N/A,0.6651,N/A,0.7549,N/A,N/A,N/A,N/A,N/A,0.7086,N/A,N/A,0.4868,N/A,N/A,0.0466,0.0986,N/A,2,0.5118,0.3526,0.4868,0.8399,0.6836,N/A,0.2144,0.5764,0.0177,0.0473,N/A,N/A,0.445,N/A,N/A,0.6076,N/A,N/A,N/A,N/A,0.402,0.137,0.8426,0.1036,N/A,0.2162,0.3968,N/A,0.1478,N/A,0.598,N/A,0.0123,N/A,0.5,N/A,N/A,N/A,0.2087,0.4719,N/A,0.277,N/A,N/A,0.7204,0.8358,0.1642,N/A,0.3306,N/A,N/A,N/A,N/A,N/A,0.4164,N/A,0.2796,0.2286,0.4103,0.5897,0.4658,N/A,0.3928,0.3495,0.5342,N/A,0.6072,N/A,0.3859,0.4408,0.5836,N/A,0.2646,0.7714,0.5737,0.5714,0.1249,0.4286,0.2096,0.6884,0.102,0.408,0.2286,0.0184,0.8751,0.1346,0.3928,0.6072,0.8654,0.4459,0.5541,0.56,0.44
